Date,CL1 Comdty,COLTES 10 07/24/2024 Govt,COFX Index
19/03/2009," 51,61 ","9,605","2338,3"
20/03/2009," 51,06 ","9,48",2359
24/03/2009," 53,98 ","9,68","2367,6"
25/03/2009," 52,77 ","9,74",2414
26/03/2009," 54,34 ","9,89","2435,99"
27/03/2009," 52,38 ","9,95","2494,4"
31/03/2009," 49,66 ","9,9",2547
01/04/2009," 48,39 ","9,79","2495,5"
02/04/2009," 52,64 ","9,76","2440,1"
03/04/2009," 52,51 ","9,8",2413
06/04/2009," 51,05 ","9,667","2409,1"
07/04/2009," 49,15 ","9,67","2420,2"
08/04/2009," 49,38 ","9,65",2414
13/04/2009," 50,05 ","9,491",2386
14/04/2009," 49,41 ","9,305","2391,4"
15/04/2009," 49,25 ","9,295","2370,8"
16/04/2009," 49,98 ","9,374","2348,9"
17/04/2009," 50,33 ","9,37","2341,95"
20/04/2009," 45,88 ","9,39","2377,1"
21/04/2009," 46,51 ","9,245","2330,7"
22/04/2009," 48,85 ","9,17","2316,5"
23/04/2009," 49,62 ","9,15","2303,88"
24/04/2009," 51,55 ","9,164",2290
27/04/2009," 50,14 ","9,26","2340,05"
28/04/2009," 49,92 ","9,193","2329,6"
29/04/2009," 50,97 ","9,16","2292,05"
30/04/2009," 51,12 ","9,15","2294,95"
04/05/2009," 54,47 ","9,147","2280,64"
05/05/2009," 53,84 ","9,155",2252
06/05/2009," 56,34 ","9,2","2228,1"
07/05/2009," 56,71 ","9,1",2222
08/05/2009," 58,63 ","9,07","2202,01"
11/05/2009," 58,50 ","9,001","2223,99"
12/05/2009," 58,85 ","8,941","2234,95"
13/05/2009," 58,02 ","8,88","2252,25"
14/05/2009," 58,62 ","8,92",2259
15/05/2009," 56,34 ","8,935","2263,5"
18/05/2009," 59,03 ","8,915","2246,15"
19/05/2009," 59,65 ","8,862",2217
20/05/2009," 62,04 ","8,84","2193,5"
21/05/2009," 61,05 ",9,"2205,5"
22/05/2009," 61,67 ","9,07","2207,4"
26/05/2009," 62,45 ","9,09","2214,55"
27/05/2009," 63,45 ","9,1","2213,5"
28/05/2009," 65,08 ","9,225",2175
29/05/2009," 66,31 ","9,19","2137,5"
01/06/2009," 68,58 ","9,56","2100,2"
02/06/2009," 68,55 ","9,55",2063
03/06/2009," 66,12 ","9,315","2086,7"
04/06/2009," 68,81 ","9,44","2057,9"
05/06/2009," 68,44 ","9,68","2063,95"
08/06/2009," 68,09 ","9,869","2091,8"
09/06/2009," 70,01 ","9,77","2055,8"
10/06/2009," 71,33 ","9,74","2055,45"
11/06/2009," 72,68 ","9,67",2016
12/06/2009," 72,04 ","9,595","2012,8"
16/06/2009," 70,47 ","9,9",2040
17/06/2009," 71,03 ","9,76","2077,15"
18/06/2009," 71,37 ","9,77","2089,61"
19/06/2009," 69,55 ","9,75",2120
23/06/2009," 69,24 ","9,95",2160
24/06/2009," 68,67 ","9,998",2175
25/06/2009," 70,23 ","9,9",2170
26/06/2009," 69,16 ","9,809","2150,05"
30/06/2009," 69,89 ","9,7","2142,65"
01/07/2009," 69,31 ","9,61",2084
02/07/2009," 66,73 ","9,595",2099
06/07/2009," 64,05 ","9,456",2105
07/07/2009," 62,93 ","9,39","2096,85"
08/07/2009," 60,14 ","9,464","2115,26"
09/07/2009," 60,41 ","9,43",2110
10/07/2009," 59,89 ","9,45","2103,82"
13/07/2009," 59,69 ","9,52","2073,35"
14/07/2009," 59,52 ","9,5",2046
15/07/2009," 61,54 ","9,33",2019
16/07/2009," 62,02 ","9,259",2024
17/07/2009," 63,56 ","9,106",2008
21/07/2009," 64,72 ","9,05","1984,85"
22/07/2009," 65,40 ","9,02","1972,35"
23/07/2009," 67,16 ","8,94",1954
24/07/2009," 68,05 ","8,91",1985
27/07/2009," 68,38 ","9,19",1996
28/07/2009," 67,23 ","8,975",2025
03/08/2009," 71,58 ","9,015","2008,39"
04/08/2009," 71,42 ","9,03",1992
05/08/2009," 71,97 ","9,02","1988,6"
11/08/2009," 69,45 ","9,25","2045,5"
12/08/2009," 70,16 ","9,3","2014,1"
14/08/2009," 67,51 ","9,33",2017
18/08/2009," 69,19 ","9,46",2038
19/08/2009," 72,42 ","9,61","2020,7"
20/08/2009," 72,54 ","9,58","2014,3"
21/08/2009," 73,89 ","9,65",2001
24/08/2009," 74,37 ","9,621","2006,3"
25/08/2009," 72,05 ","9,55",2020
01/09/2009," 68,05 ","9,63",2074
02/09/2009," 68,05 ","9,57","2055,9"
03/09/2009," 67,96 ","9,48",2026
04/09/2009," 68,02 ","9,455","2021,45"
08/09/2009," 71,10 ","9,625",2002
09/09/2009," 71,31 ","9,74","2011,5"
11/09/2009," 69,29 ","9,72","1996,9"
15/09/2009," 70,93 ","9,75","1975,5"
16/09/2009," 72,51 ","9,76","1957,15"
17/09/2009," 72,47 ","9,59",1965
21/09/2009," 69,71 ","9,48",1933
22/09/2009," 71,55 ","9,36","1920,5"
24/09/2009," 65,89 ","9,37","1928,1"
25/09/2009," 66,02 ","9,31",1924
28/09/2009," 66,84 ","9,275","1918,1"
29/09/2009," 66,71 ","9,18",1931
30/09/2009," 70,61 ","9,156","1918,4"
01/10/2009," 70,82 ","9,22",1929
02/10/2009," 69,95 ","9,15","1919,1"
05/10/2009," 70,41 ","9,145","1925,4"
06/10/2009," 70,88 ","9,09","1907,6"
07/10/2009," 69,57 ","9,09",1889
08/10/2009," 71,69 ","9,05",1858
09/10/2009," 71,77 ","9,06",1847
13/10/2009," 74,15 ","9,05",1826
14/10/2009," 75,18 ","8,941","1827,5"
15/10/2009," 77,58 ","8,967",1846
16/10/2009," 78,53 ","8,9","1843,5"
19/10/2009," 79,61 ","8,832","1872,6"
20/10/2009," 79,09 ","8,832","1920,45"
21/10/2009," 81,37 ","8,795","1895,6"
22/10/2009," 81,19 ","8,79","1916,6"
26/10/2009," 78,68 ","8,615",1950
27/10/2009," 79,55 ","8,66",1983
28/10/2009," 77,46 ","8,615","2021,9"
29/10/2009," 79,87 ","8,59","1975,05"
03/11/2009," 79,60 ","8,48","1988,5"
04/11/2009," 80,40 ","8,35",1961
05/11/2009," 79,62 ","8,41","1980,55"
06/11/2009," 77,43 ","8,27","1984,3"
09/11/2009," 79,43 ","8,245",1967
10/11/2009," 79,05 ","8,22",1969
12/11/2009," 76,94 ","8,09","1967,25"
13/11/2009," 76,35 ","8,038","1969,05"
19/11/2009," 77,46 ","8,17",1969
20/11/2009," 76,72 ","8,07",1972
23/11/2009," 77,56 ","8,09",1967
24/11/2009," 76,02 ","7,875",1975
25/11/2009," 77,96 ","7,9","1974,96"
27/11/2009," 76,05 ","7,96","1991,8"
30/11/2009," 77,28 ","7,998","2003,8"
01/12/2009," 78,37 ","7,95","1989,7"
02/12/2009," 76,60 ","7,962","1992,61"
03/12/2009," 76,46 ","8,04",1991
04/12/2009," 75,47 ","8,155","2006,05"
07/12/2009," 73,93 ","8,339","2001,1"
09/12/2009," 70,67 ","8,2","2020,9"
10/12/2009," 70,54 ","8,217","2007,25"
14/12/2009," 69,51 ","8,197","1992,9"
15/12/2009," 70,69 ","8,389",2003
16/12/2009," 72,66 ","8,38","2003,8"
17/12/2009," 72,65 ","8,4",2020
18/12/2009," 73,36 ","8,375","2029,05"
21/12/2009," 72,47 ","8,56","2037,6"
22/12/2009," 74,40 ","8,5",2058
23/12/2009," 76,67 ","8,45",2048
28/12/2009," 78,77 ","8,558","2042,4"
04/01/2010," 81,51 ","8,6",2013
05/01/2010," 81,77 ","8,54","1988,4"
06/01/2010," 83,18 ","8,678",1974
07/01/2010," 82,66 ","8,785",1971
08/01/2010," 82,75 ","8,7","1963,5"
12/01/2010," 80,79 ","8,84","1962,15"
13/01/2010," 79,65 ",9,1973
15/01/2010," 78,00 ","8,87","1969,5"
19/01/2010," 79,02 ","8,7",1958
20/01/2010," 77,62 ","8,8","1965,95"
21/01/2010," 76,08 ","8,67","1975,75"
22/01/2010," 74,54 ","8,75","1967,97"
25/01/2010," 75,26 ","8,745","1959,9"
26/01/2010," 74,71 ","8,76","1969,8"
27/01/2010," 73,67 ","8,91",1989
28/01/2010," 73,64 ","8,861","1992,65"
29/01/2010," 72,89 ","8,875","1982,9"
01/02/2010," 74,43 ","9,04","1968,35"
02/02/2010," 77,23 ","9,195","1962,95"
03/02/2010," 76,98 ","9,15","1967,9"
04/02/2010," 73,14 ","9,25","1989,8"
05/02/2010," 71,19 ","9,15","2008,4"
08/02/2010," 71,89 ","9,1","2003,5"
09/02/2010," 73,75 ","8,995","1969,9"
11/02/2010," 75,28 ","8,98",1934
12/02/2010," 74,13 ","9,025","1936,4"
16/02/2010," 77,01 ","9,2","1929,44"
17/02/2010," 77,33 ","9,21","1933,4"
18/02/2010," 79,06 ","9,398","1930,75"
19/02/2010," 79,81 ","9,36",1922
22/02/2010," 80,16 ","9,4",1919
23/02/2010," 78,86 ","9,3","1930,45"
24/02/2010," 80,00 ","9,3","1934,4"
25/02/2010," 78,17 ","9,4",1942
26/02/2010," 79,66 ","9,35","1923,5"
01/03/2010," 78,70 ","9,16",1911
02/03/2010," 79,68 ","9,19","1895,45"
03/03/2010," 80,87 ","9,26",1927
04/03/2010," 80,21 ","9,3","1917,55"
05/03/2010," 81,50 ","9,23",1899
08/03/2010," 81,87 ","9,265",1895
09/03/2010," 81,49 ","9,334","1887,8"
10/03/2010," 82,09 ","9,248",1894
11/03/2010," 82,11 ","9,185","1894,9"
12/03/2010," 81,24 ","9,09",1900
15/03/2010," 79,80 ","9,099","1893,5"
16/03/2010," 81,70 ","9,135",1900
17/03/2010," 82,93 ","9,12","1893,2"
18/03/2010," 82,20 ","9,199","1900,05"
19/03/2010," 80,68 ","9,17","1907,8"
23/03/2010," 81,91 ","9,14","1909,4"
24/03/2010," 80,61 ","9,187","1929,3"
25/03/2010," 80,53 ","9,15","1926,95"
26/03/2010," 80,00 ","9,155",1938
29/03/2010," 82,17 ","9,17","1934,66"
30/03/2010," 82,37 ","9,178","1928,6"
31/03/2010," 83,76 ","9,138","1919,1"
05/04/2010," 86,62 ","9,115","1909,75"
06/04/2010," 86,84 ","8,91","1915,5"
07/04/2010," 85,88 ","8,781","1929,5"
08/04/2010," 85,39 ","8,835","1922,75"
09/04/2010," 84,92 ","8,73",1929
12/04/2010," 84,34 ","8,7","1925,3"
13/04/2010," 84,05 ","8,77",1941
14/04/2010," 85,84 ","8,66","1947,95"
15/04/2010," 85,51 ","8,652","1936,2"
16/04/2010," 83,24 ","8,645",1946
19/04/2010," 81,45 ","8,58","1951,9"
20/04/2010," 83,45 ","8,629",1947
21/04/2010," 83,68 ","8,64",1948
22/04/2010," 83,70 ","8,6","1954,35"
23/04/2010," 85,12 ","8,575","1951,2"
26/04/2010," 84,20 ","8,615","1947,5"
27/04/2010," 82,44 ","8,659","1964,15"
28/04/2010," 83,22 ","8,71",1977
29/04/2010," 85,17 ","8,6",1959
30/04/2010," 86,15 ","8,4","1956,95"
03/05/2010," 86,19 ","8,17","1964,05"
04/05/2010," 82,74 ","8,275","1987,15"
05/05/2010," 79,97 ","8,27",1997
06/05/2010," 77,11 ","8,6",2018
07/05/2010," 75,11 ","8,58","2023,1"
10/05/2010," 76,80 ","8,44","1987,4"
11/05/2010," 76,37 ","8,425","1970,1"
12/05/2010," 75,65 ","8,38","1963,6"
13/05/2010," 74,40 ","8,46","1952,7"
14/05/2010," 71,61 ","8,538",1980
18/05/2010," 69,41 ","8,611","1985,4"
19/05/2010," 69,87 ","8,565","2001,01"
20/05/2010," 68,01 ","8,565","2011,95"
21/05/2010," 70,04 ","8,445","1991,95"
24/05/2010," 70,21 ","8,46","1977,52"
25/05/2010," 68,75 ","8,4","1994,1"
26/05/2010," 71,51 ","8,33","1973,5"
27/05/2010," 74,55 ","8,37","1969,9"
28/05/2010," 73,97 ","8,377","1972,8"
01/06/2010," 72,58 ","8,294","1971,18"
02/06/2010," 72,86 ","8,275",1967
03/06/2010," 74,61 ","8,263","1958,1"
04/06/2010," 71,51 ","8,29","1965,6"
08/06/2010," 71,99 ","8,36",1961
09/06/2010," 74,38 ","8,22","1940,5"
10/06/2010," 75,48 ","8,25","1925,95"
11/06/2010," 73,78 ","8,285","1925,5"
15/06/2010," 76,94 ","8,285","1919,4"
16/06/2010," 77,67 ","8,3",1911
17/06/2010," 76,79 ","8,32","1902,35"
18/06/2010," 77,18 ","8,294","1910,45"
21/06/2010," 77,82 ","8,29","1895,4"
22/06/2010," 77,21 ","8,26",1889
23/06/2010," 76,35 ","8,27",1896
24/06/2010," 76,51 ","8,258",1897
25/06/2010," 78,86 ","8,2",1900
28/06/2010," 78,25 ","8,152","1905,25"
29/06/2010," 75,94 ","8,17","1920,8"
30/06/2010," 75,63 ","8,095",1900
01/07/2010," 72,95 ","8,015","1899,8"
02/07/2010," 72,14 ","8,06","1889,5"
06/07/2010," 71,98 ","8,094",1894
07/07/2010," 74,07 ","7,951","1906,3"
08/07/2010," 75,44 ","7,975",1884
09/07/2010," 76,09 ","7,98",1874
12/07/2010," 74,95 ","7,925","1878,6"
13/07/2010," 77,15 ","7,913","1871,5"
14/07/2010," 77,04 ","7,85","1871,4"
15/07/2010," 76,62 ","7,88","1869,5"
16/07/2010," 76,01 ","7,79","1876,6"
19/07/2010," 76,54 ","7,77","1874,65"
21/07/2010," 76,56 ","7,774","1866,35"
22/07/2010," 79,30 ","7,86","1861,8"
23/07/2010," 78,98 ","7,98",1868
26/07/2010," 78,98 ","7,926","1859,35"
27/07/2010," 77,50 ","7,96","1849,35"
28/07/2010," 76,99 ","7,84","1845,45"
29/07/2010," 78,36 ","7,799","1843,45"
30/07/2010," 78,95 ","7,725","1844,3"
02/08/2010," 81,34 ","7,715","1831,5"
03/08/2010," 82,55 ","7,75","1831,35"
04/08/2010," 82,47 ","7,65","1822,65"
05/08/2010," 82,01 ","7,63","1819,9"
06/08/2010," 80,70 ","7,52","1814,9"
09/08/2010," 81,48 ","7,525","1808,49"
10/08/2010," 80,25 ","7,502","1808,65"
11/08/2010," 78,02 ","7,58","1802,45"
12/08/2010," 75,74 ","7,61","1826,25"
13/08/2010," 75,39 ","7,63","1834,9"
17/08/2010," 75,77 ","7,52",1807
18/08/2010," 75,42 ","7,45","1810,16"
19/08/2010," 74,43 ","7,47",1818
20/08/2010," 73,46 ","7,431",1821
23/08/2010," 73,10 ","7,48","1813,4"
24/08/2010," 71,63 ","7,45",1819
25/08/2010," 72,52 ","7,44","1817,97"
26/08/2010," 73,36 ","7,485",1816
27/08/2010," 75,17 ","7,45","1817,4"
30/08/2010," 74,70 ","7,405","1827,5"
31/08/2010," 71,92 ","7,43",1826
01/09/2010," 73,91 ","7,403",1812
02/09/2010," 75,02 ","7,379","1813,5"
03/09/2010," 74,60 ","7,39","1808,55"
07/09/2010," 74,09 ","7,584","1807,05"
08/09/2010," 74,67 ","7,635",1805
09/09/2010," 74,25 ","7,69",1804
10/09/2010," 76,45 ","7,8","1798,4"
13/09/2010," 77,19 ","7,76","1791,3"
14/09/2010," 76,80 ","7,671","1790,95"
15/09/2010," 76,02 ","7,61","1807,1"
16/09/2010," 74,57 ","7,531","1810,15"
17/09/2010," 73,66 ","7,56","1798,5"
20/09/2010," 74,86 ","7,516","1799,8"
21/09/2010," 73,52 ","7,61",1805
22/09/2010," 74,71 ","7,68","1806,5"
23/09/2010," 75,18 ","7,67","1811,25"
24/09/2010," 76,49 ","7,665",1802
27/09/2010," 76,52 ","7,62","1803,99"
28/09/2010," 76,18 ","7,611","1804,15"
29/09/2010," 77,86 ","7,66","1799,8"
30/09/2010," 79,97 ","7,76",1802
01/10/2010," 81,58 ","7,765","1797,05"
04/10/2010," 81,47 ","7,81","1803,95"
05/10/2010," 82,82 ","7,76","1801,5"
06/10/2010," 83,23 ","7,64","1789,05"
07/10/2010," 81,67 ","7,52","1787,8"
08/10/2010," 82,66 ","7,401","1786,55"
12/10/2010," 81,67 ","7,462","1789,85"
13/10/2010," 83,01 ","7,44",1791
14/10/2010," 82,69 ","7,5","1801,25"
15/10/2010," 81,25 ","7,46","1809,1"
19/10/2010," 79,49 ","7,47","1816,5"
20/10/2010," 81,77 ","7,43","1809,25"
21/10/2010," 80,56 ","7,47",1819
22/10/2010," 81,69 ","7,45",1828
25/10/2010," 82,52 ","7,43","1829,5"
26/10/2010," 82,55 ","7,465","1840,4"
27/10/2010," 81,94 ","7,47","1848,85"
28/10/2010," 82,18 ","7,45","1835,55"
29/10/2010," 81,43 ","7,425",1840
02/11/2010," 83,90 ","7,517","1843,7"
03/11/2010," 84,69 ","7,5",1837
04/11/2010," 86,49 ","7,42","1817,24"
05/11/2010," 86,85 ","7,41",1821
08/11/2010," 87,06 ","7,39",1832
09/11/2010," 86,72 ","7,42","1841,6"
10/11/2010," 87,81 ","7,48",1854
11/11/2010," 87,81 ","7,65","1857,7"
12/11/2010," 84,88 ","7,72","1868,5"
16/11/2010," 82,34 ","7,795","1883,9"
17/11/2010," 80,44 ","7,595","1873,5"
18/11/2010," 81,85 ","7,62","1869,8"
19/11/2010," 81,51 ","7,78","1876,65"
22/11/2010," 81,74 ","7,82","1880,25"
23/11/2010," 81,25 ","7,92","1893,5"
24/11/2010," 83,86 ","7,818","1891,9"
26/11/2010," 83,76 ","7,91","1908,04"
29/11/2010," 85,73 ","7,94","1922,8"
30/11/2010," 84,11 ","8,039","1944,2"
01/12/2010," 86,75 ","7,911",1932
02/12/2010," 88,00 ","7,85","1906,95"
03/12/2010," 89,19 ","7,801","1883,4"
06/12/2010," 89,38 ","7,75","1889,05"
07/12/2010," 88,69 ","7,86",1895
09/12/2010," 88,37 ","7,95","1909,9"
10/12/2010," 87,79 ","7,999",1881
13/12/2010," 88,61 ","8,089",1906
14/12/2010," 88,28 ","8,098","1896,35"
15/12/2010," 88,62 ","8,08","1906,45"
16/12/2010," 87,70 ","8,154","1917,4"
17/12/2010," 88,02 ","8,109","1918,5"
20/12/2010," 88,81 ","8,11","1931,65"
21/12/2010," 89,82 ","8,15","1936,1"
22/12/2010," 90,48 ","8,12","1923,9"
23/12/2010," 91,51 ","8,15","1936,5"
27/12/2010," 91,00 ","8,18","1995,1"
28/12/2010," 91,49 ","8,145",2037
29/12/2010," 91,12 ","8,14",1937
30/12/2010," 89,84 ","8,16","1924,9"
03/01/2011," 91,55 ","8,19","1893,05"
04/01/2011," 89,38 ","8,25","1894,5"
05/01/2011," 90,30 ","8,29",1881
06/01/2011," 88,38 ","8,26","1866,5"
07/01/2011," 88,03 ","8,23",1872
11/01/2011," 91,11 ","8,171",1863
12/01/2011," 91,86 ","8,095",1868
13/01/2011," 91,40 ","8,105",1865
14/01/2011," 91,54 ","8,19","1870,95"
18/01/2011," 91,38 ","8,328","1855,8"
19/01/2011," 90,86 ","8,25","1841,4"
20/01/2011," 88,86 ","8,335","1846,95"
21/01/2011," 89,11 ","8,315","1844,9"
24/01/2011," 87,87 ","8,394","1853,5"
25/01/2011," 86,19 ","8,33","1858,35"
26/01/2011," 87,33 ","8,275","1863,85"
27/01/2011," 85,64 ","8,335",1860
28/01/2011," 89,34 ","8,371",1870
31/01/2011," 92,19 ","8,365","1866,75"
01/02/2011," 90,77 ","8,44","1852,5"
02/02/2011," 90,86 ","8,42",1858
03/02/2011," 90,54 ","8,4","1864,99"
04/02/2011," 89,03 ","8,445","1871,5"
07/02/2011," 87,48 ","8,54","1868,7"
08/02/2011," 86,94 ","8,68","1884,8"
09/02/2011," 86,71 ","8,67","1887,3"
10/02/2011," 86,73 ","8,58","1881,05"
11/02/2011," 85,58 ","8,565",1887
14/02/2011," 84,81 ","8,69","1897,5"
15/02/2011," 84,32 ","8,77","1908,4"
16/02/2011," 84,99 ","8,76",1910
17/02/2011," 86,36 ","8,712",1888
18/02/2011," 86,20 ","8,77","1876,8"
22/02/2011," 93,57 ","8,823","1895,25"
23/02/2011," 98,10 ","8,85",1903
24/02/2011," 97,28 ","8,86",1898
25/02/2011," 97,88 ","8,801",1906
28/02/2011," 96,97 ","8,87","1907,1"
01/03/2011," 99,63 ","8,96","1915,9"
02/03/2011," 102,23 ","8,905",1914
03/03/2011," 101,91 ","8,87","1898,99"
04/03/2011," 104,42 ","8,82","1894,95"
07/03/2011," 105,44 ","8,71",1896
08/03/2011," 105,02 ","8,655","1886,5"
09/03/2011," 104,38 ","8,669","1876,35"
10/03/2011," 102,70 ","8,687","1866,5"
11/03/2011," 101,16 ","8,705","1869,61"
14/03/2011," 101,19 ","8,72",1879
15/03/2011," 97,18 ","8,7","1890,3"
16/03/2011," 97,98 ","8,6","1892,8"
17/03/2011," 101,42 ","8,635","1880,35"
18/03/2011," 101,07 ","8,632","1873,5"
22/03/2011," 104,00 ","8,666","1866,7"
23/03/2011," 105,75 ","8,659","1867,05"
24/03/2011," 105,60 ","8,79","1865,3"
25/03/2011," 105,40 ","8,747",1871
28/03/2011," 103,98 ","8,725","1879,95"
29/03/2011," 104,79 ","8,68","1885,5"
30/03/2011," 104,27 ","8,619","1875,5"
31/03/2011," 106,72 ","8,56","1871,5"
01/04/2011," 107,94 ","8,51",1849
04/04/2011," 108,47 ","8,43",1849
05/04/2011," 108,34 ","8,433",1834
06/04/2011," 108,83 ","8,335","1830,05"
07/04/2011," 110,30 ","8,399","1825,4"
08/04/2011," 112,79 ","8,35","1817,86"
11/04/2011," 109,92 ","8,299",1817
12/04/2011," 106,25 ","8,29","1820,2"
13/04/2011," 107,11 ","8,24","1819,05"
14/04/2011," 108,11 ","8,279",1806
15/04/2011," 109,66 ","8,22","1798,25"
18/04/2011," 107,12 ","8,261",1800
19/04/2011," 108,15 ","8,22","1788,7"
20/04/2011," 111,45 ","8,248","1782,1"
25/04/2011," 112,28 ","8,389",1782
26/04/2011," 112,21 ","8,372",1790
27/04/2011," 112,76 ","8,365","1772,05"
28/04/2011," 112,86 ","8,44","1767,25"
29/04/2011," 113,93 ","8,41","1768,7"
02/05/2011," 113,52 ","8,321","1772,5"
03/05/2011," 111,05 ","8,3","1765,9"
04/05/2011," 109,24 ","8,27","1764,25"
05/05/2011," 99,80 ","8,274","1763,8"
06/05/2011," 97,18 ","8,195",1772
09/05/2011," 102,55 ","8,24","1790,35"
10/05/2011," 103,88 ","8,17","1787,02"
11/05/2011," 98,21 ","8,26","1812,1"
12/05/2011," 98,97 ","8,203","1800,01"
13/05/2011," 99,65 ","8,219","1807,5"
16/05/2011," 97,37 ","8,296","1820,9"
17/05/2011," 96,91 ","8,176","1825,1"
18/05/2011," 100,10 ","8,188",1818
19/05/2011," 98,44 ","8,17","1815,9"
20/05/2011," 99,49 ","8,23",1815
23/05/2011," 97,70 ","8,235","1826,75"
24/05/2011," 99,59 ","8,234","1831,9"
25/05/2011," 101,32 ","8,227","1831,71"
26/05/2011," 100,23 ","8,2",1826
27/05/2011," 100,59 ","8,199",1807
31/05/2011," 102,70 ","8,12",1789
01/06/2011," 100,29 ","8,032","1791,26"
02/06/2011," 100,40 ","8,036","1784,1"
03/06/2011," 100,22 ","8,05",1784
07/06/2011," 99,09 ","7,93","1767,1"
08/06/2011," 100,74 ","7,88","1774,95"
09/06/2011," 101,93 ","7,935","1771,5"
10/06/2011," 99,29 ","7,943","1777,4"
13/06/2011," 97,30 ","7,985","1780,3"
14/06/2011," 99,37 ","7,89","1771,5"
15/06/2011," 94,81 ","7,84","1789,5"
16/06/2011," 94,95 ","7,86","1794,95"
17/06/2011," 93,01 ","7,792","1792,75"
20/06/2011," 93,26 ","7,79","1786,85"
21/06/2011," 93,40 ","7,82","1780,5"
22/06/2011," 95,41 ","7,83","1780,5"
23/06/2011," 91,02 ","7,808","1787,15"
24/06/2011," 91,16 ","7,731","1796,2"
28/06/2011," 92,89 ","7,76","1782,35"
29/06/2011," 94,77 ","7,762","1779,5"
30/06/2011," 95,42 ","7,747",1769
01/07/2011," 94,94 ","7,871","1762,5"
05/07/2011," 96,89 ","7,845",1770
06/07/2011," 96,65 ","7,817",1766
07/07/2011," 98,67 ","7,703","1760,9"
08/07/2011," 96,20 ","7,734","1760,45"
11/07/2011," 95,15 ","7,8",1770
12/07/2011," 97,43 ","7,8","1766,2"
13/07/2011," 98,05 ","7,762","1757,3"
14/07/2011," 95,69 ","7,761","1747,65"
15/07/2011," 97,24 ","7,765","1759,85"
18/07/2011," 95,93 ","7,85","1757,5"
19/07/2011," 97,50 ","7,862","1757,25"
21/07/2011," 99,13 ","7,839",1754
22/07/2011," 99,87 ","7,819","1755,8"
25/07/2011," 99,20 ","7,812","1763,5"
26/07/2011," 99,59 ","7,7","1758,7"
27/07/2011," 97,40 ","7,685","1767,5"
28/07/2011," 97,44 ","7,68",1773
29/07/2011," 95,70 ","7,641",1779
01/08/2011," 94,89 ","7,61","1767,1"
02/08/2011," 93,79 ","7,599","1771,15"
03/08/2011," 91,93 ","7,56","1771,25"
04/08/2011," 86,63 ","7,615",1786
05/08/2011," 86,88 ","7,65","1789,3"
08/08/2011," 81,31 ","7,7","1815,5"
09/08/2011," 79,30 ","7,57","1812,5"
10/08/2011," 82,89 ","7,475",1796
11/08/2011," 85,72 ","7,513","1788,8"
12/08/2011," 85,38 ","7,47","1785,05"
16/08/2011," 86,65 ","7,447","1775,1"
17/08/2011," 87,58 ","7,481","1766,35"
18/08/2011," 82,38 ","7,45","1777,5"
19/08/2011," 82,26 ","7,37",1783
22/08/2011," 84,12 ","7,29",1780
23/08/2011," 85,44 ","7,335",1789
24/08/2011," 85,16 ","7,36","1786,01"
25/08/2011," 85,30 ","7,397","1790,9"
26/08/2011," 85,37 ","7,419","1794,35"
29/08/2011," 87,27 ","7,387",1787
30/08/2011," 88,90 ","7,36","1786,7"
31/08/2011," 88,81 ","7,4",1778
01/09/2011," 88,93 ","7,341","1779,5"
02/09/2011," 86,45 ","7,31",1783
06/09/2011," 86,02 ","7,239","1791,2"
07/09/2011," 89,34 ","7,2",1790
08/09/2011," 89,05 ","7,185","1788,5"
09/09/2011," 87,24 ","7,22",1798
12/09/2011," 88,19 ","7,294",1821
13/09/2011," 90,21 ","7,303","1813,48"
14/09/2011," 88,91 ","7,334","1826,5"
15/09/2011," 89,40 ","7,36","1820,1"
16/09/2011," 87,96 ","7,35","1821,45"
19/09/2011," 85,70 ","7,37",1857
20/09/2011," 86,89 ","7,35","1860,5"
21/09/2011," 85,92 ","7,485",1874
22/09/2011," 80,51 ","7,653",1915
23/09/2011," 79,85 ","7,675",1904
26/09/2011," 80,24 ","7,592",1907
27/09/2011," 84,45 ","7,489",1889
28/09/2011," 81,21 ","7,592","1918,75"
29/09/2011," 82,14 ","7,53","1918,4"
30/09/2011," 79,20 ","7,59",1930
03/10/2011," 77,61 ","7,8","1960,3"
04/10/2011," 75,67 ","7,7","1983,65"
05/10/2011," 79,68 ","7,636",1961
06/10/2011," 82,59 ","7,632","1947,8"
07/10/2011," 82,98 ","7,58","1936,9"
11/10/2011," 85,81 ","7,49",1915
12/10/2011," 85,57 ","7,47",1896
13/10/2011," 84,23 ","7,455",1903
14/10/2011," 86,80 ","7,48","1887,5"
18/10/2011," 88,34 ","7,461",1903
19/10/2011," 86,11 ","7,51","1900,3"
20/10/2011," 85,30 ","7,551","1908,8"
21/10/2011," 87,40 ","7,52","1892,65"
24/10/2011," 91,27 ","7,484","1871,95"
25/10/2011," 93,17 ","7,493","1878,8"
26/10/2011," 90,20 ","7,46","1879,8"
27/10/2011," 93,96 ","7,421","1861,4"
28/10/2011," 93,32 ","7,47","1864,5"
31/10/2011," 93,19 ","7,46",1866
01/11/2011," 92,19 ","7,465","1891,95"
02/11/2011," 92,51 ","7,468","1906,5"
03/11/2011," 94,07 ","7,442","1910,5"
04/11/2011," 94,26 ","7,46","1908,5"
08/11/2011," 96,80 ","7,5",1911
09/11/2011," 95,74 ","7,475","1913,65"
10/11/2011," 97,78 ","7,492","1913,5"
15/11/2011," 99,37 ","7,542","1915,4"
16/11/2011," 102,59 ","7,55","1906,1"
17/11/2011," 98,82 ","7,531","1919,25"
18/11/2011," 97,41 ","7,53","1914,9"
21/11/2011," 96,92 ","7,55","1927,6"
22/11/2011," 98,01 ","7,58","1918,01"
23/11/2011," 96,17 ","7,669","1935,6"
25/11/2011," 96,77 ","7,68",1958
28/11/2011," 98,21 ","7,641","1950,25"
29/11/2011," 99,79 ","7,685","1962,4"
30/11/2011," 100,36 ","7,64","1952,35"
01/12/2011," 100,20 ","7,56","1946,8"
02/12/2011," 100,96 ","7,582","1941,2"
05/12/2011," 100,99 ","7,54",1935
06/12/2011," 101,28 ","7,6","1933,5"
07/12/2011," 100,49 ","7,542","1922,05"
09/12/2011," 99,41 ","7,564","1927,5"
12/12/2011," 97,77 ","7,6","1931,15"
13/12/2011," 100,14 ","7,59","1929,5"
14/12/2011," 94,95 ","7,587","1937,6"
15/12/2011," 93,87 ","7,569","1935,3"
16/12/2011," 93,53 ","7,56","1941,8"
19/12/2011," 93,88 ","7,6",1935
20/12/2011," 97,22 ","7,61","1934,35"
21/12/2011," 98,67 ","7,58",1932
22/12/2011," 99,53 ","7,67","1924,4"
23/12/2011," 99,68 ","7,645","1922,95"
27/12/2011," 101,34 ","7,63","1921,2"
28/12/2011," 99,36 ","7,644","1939,5"
29/12/2011," 99,65 ","7,635","1938,38"
03/01/2012," 102,96 ","7,575","1907,1"
04/01/2012," 103,22 ","7,529",1886
05/01/2012," 101,81 ","7,491","1878,9"
06/01/2012," 101,56 ","7,525",1880
10/01/2012," 102,24 ","7,48",1861
11/01/2012," 100,87 ","7,44",1850
12/01/2012," 99,10 ","7,361","1838,15"
13/01/2012," 98,70 ","7,365","1841,05"
17/01/2012," 100,71 ","7,392",1837
18/01/2012," 100,59 ","7,38",1823
19/01/2012," 100,39 ","7,4","1826,5"
20/01/2012," 98,46 ","7,381",1824
23/01/2012," 99,58 ","7,38","1814,45"
24/01/2012," 98,95 ","7,34",1814
25/01/2012," 99,40 ","7,26","1812,65"
26/01/2012," 99,70 ","7,29","1811,8"
27/01/2012," 99,56 ","7,34","1808,2"
30/01/2012," 98,78 ","7,384",1818
31/01/2012," 98,48 ","7,305","1810,2"
01/02/2012," 97,61 ","7,335",1800
02/02/2012," 96,36 ","7,337","1793,75"
03/02/2012," 97,84 ","7,36","1784,25"
06/02/2012," 96,91 ","7,395","1786,85"
07/02/2012," 98,41 ","7,387",1783
08/02/2012," 98,71 ","7,43","1779,85"
09/02/2012," 99,84 ","7,378",1776
10/02/2012," 98,67 ","7,418","1784,45"
13/02/2012," 100,91 ","7,382","1778,2"
14/02/2012," 100,74 ","7,358",1791
15/02/2012," 101,80 ","7,368","1794,6"
16/02/2012," 102,31 ","7,328","1784,5"
17/02/2012," 103,24 ","7,346","1778,45"
21/02/2012," 105,84 ","7,41","1777,85"
22/02/2012," 106,28 ","7,375",1782
23/02/2012," 107,83 ","7,391","1776,5"
24/02/2012," 109,77 ","7,361",1776
27/02/2012," 108,56 ","7,36","1772,01"
28/02/2012," 106,55 ","7,33","1767,15"
29/02/2012," 107,07 ","7,36","1767,25"
01/03/2012," 108,84 ","7,335",1769
02/03/2012," 106,70 ","7,291","1773,7"
05/03/2012," 106,72 ","7,264",1772
06/03/2012," 104,70 ","7,25","1780,1"
07/03/2012," 106,16 ","7,22","1768,7"
08/03/2012," 106,58 ","7,239","1765,1"
09/03/2012," 107,40 ","7,202","1762,5"
12/03/2012," 106,34 ","7,225","1763,65"
13/03/2012," 106,71 ","7,2","1758,85"
14/03/2012," 105,43 ","7,29","1765,1"
15/03/2012," 105,11 ","7,28","1760,2"
16/03/2012," 107,06 ","7,318","1759,7"
20/03/2012," 105,61 ","7,35","1757,75"
21/03/2012," 107,27 ","7,33","1760,1"
22/03/2012," 105,35 ","7,334","1760,7"
23/03/2012," 106,87 ","7,26","1760,4"
26/03/2012," 107,03 ","7,28",1761
27/03/2012," 107,33 ","7,225","1763,75"
28/03/2012," 105,41 ","7,237","1773,8"
29/03/2012," 102,78 ","7,251",1792
30/03/2012," 103,02 ","7,25","1786,65"
02/04/2012," 105,23 ","7,219","1774,2"
03/04/2012," 104,01 ","7,249",1770
04/04/2012," 101,47 ","7,24","1772,52"
09/04/2012," 102,46 ","7,13",1784
10/04/2012," 101,02 ","7,159","1794,3"
11/04/2012," 102,70 ","7,096","1788,5"
12/04/2012," 103,64 ","7,12","1777,2"
13/04/2012," 102,83 ","7,079","1776,2"
16/04/2012," 102,93 ","7,09","1776,5"
17/04/2012," 104,20 ","7,097","1769,8"
18/04/2012," 102,67 ","7,128","1774,5"
19/04/2012," 102,27 ","7,093","1774,2"
20/04/2012," 103,05 ","7,095","1770,9"
23/04/2012," 103,11 ","7,143","1769,5"
24/04/2012," 103,55 ","7,139","1769,85"
25/04/2012," 104,12 ","7,12","1761,85"
26/04/2012," 104,55 ","7,1","1762,2"
27/04/2012," 104,93 ","7,103","1764,4"
30/04/2012," 104,87 ","7,111","1762,4"
02/05/2012," 105,22 ","7,084","1756,6"
03/05/2012," 102,54 ","7,026","1756,55"
04/05/2012," 98,49 ","7,059","1757,55"
07/05/2012," 97,94 ","7,033","1754,2"
08/05/2012," 97,01 ","7,041","1766,99"
09/05/2012," 96,81 ","7,08",1770
10/05/2012," 97,08 ","7,105","1762,65"
11/05/2012," 96,13 ","7,138","1763,25"
14/05/2012," 94,78 ","7,18","1772,14"
15/05/2012," 93,98 ","7,19","1787,95"
16/05/2012," 92,81 ","7,18","1793,45"
17/05/2012," 92,56 ","7,179",1806
18/05/2012," 91,48 ","7,14",1823
22/05/2012," 91,66 ","7,13","1826,4"
23/05/2012," 89,90 ","7,17","1845,15"
24/05/2012," 90,66 ","7,18",1841
25/05/2012," 90,86 ","7,154","1830,3"
29/05/2012," 90,76 ","7,149",1815
30/05/2012," 87,82 ","7,15",1827
31/05/2012," 86,53 ","7,17",1828
01/06/2012," 83,23 ","7,137",1831
04/06/2012," 83,98 ","7,09","1817,6"
05/06/2012," 84,29 ","7,071",1792
06/06/2012," 85,02 ","7,11","1781,44"
07/06/2012," 84,82 ","7,071","1771,6"
08/06/2012," 84,10 ","7,037",1777
12/06/2012," 83,32 ","7,05",1779
13/06/2012," 82,62 ","7,069","1784,9"
14/06/2012," 83,91 ","7,093","1791,75"
15/06/2012," 84,03 ","7,067","1784,1"
19/06/2012," 84,03 ","7,056","1770,55"
20/06/2012," 81,80 ","7,033","1770,5"
21/06/2012," 78,20 ",7,1778
22/06/2012," 79,76 ","7,01",1791
25/06/2012," 79,21 ","6,975","1803,55"
26/06/2012," 79,36 ","6,99",1803
27/06/2012," 80,21 ","6,999",1793
28/06/2012," 77,69 ","7,009","1807,1"
29/06/2012," 84,96 ","7,019","1783,99"
03/07/2012," 87,66 ","6,961",1770
05/07/2012," 87,22 ","6,929",1776
06/07/2012," 84,45 ","6,925","1785,2"
09/07/2012," 85,99 ","6,943","1789,8"
10/07/2012," 83,91 ","6,91","1786,4"
11/07/2012," 85,81 ","6,875","1785,1"
12/07/2012," 86,08 ","6,84","1787,9"
13/07/2012," 87,10 ","6,827","1776,6"
16/07/2012," 88,43 ","6,791","1779,6"
17/07/2012," 89,22 ","6,822","1780,55"
18/07/2012," 89,87 ","6,798","1776,35"
19/07/2012," 92,66 ","6,792","1780,4"
23/07/2012," 88,14 ","6,765","1789,55"
24/07/2012," 88,50 ","6,801","1803,1"
25/07/2012," 88,97 ","6,761","1799,2"
26/07/2012," 89,39 ","6,744","1791,01"
27/07/2012," 90,13 ","6,7","1791,05"
30/07/2012," 89,78 ","6,68","1790,9"
31/07/2012," 88,06 ","6,668","1792,1"
01/08/2012," 88,91 ","6,643","1786,9"
02/08/2012," 87,13 ","6,605","1791,2"
03/08/2012," 91,40 ","6,63",1786
06/08/2012," 92,20 ","6,628","1788,5"
08/08/2012," 93,35 ","6,67","1787,8"
09/08/2012," 93,36 ","6,665",1788
10/08/2012," 92,87 ","6,645",1791
13/08/2012," 92,73 ","6,645","1793,6"
14/08/2012," 93,43 ","6,632","1803,45"
15/08/2012," 94,33 ","6,592","1820,01"
16/08/2012," 95,60 ","6,607","1818,8"
17/08/2012," 96,01 ","6,57","1820,89"
21/08/2012," 96,68 ","6,611","1814,84"
22/08/2012," 97,26 ","6,602","1812,2"
23/08/2012," 96,27 ","6,645","1808,99"
24/08/2012," 96,15 ","6,615","1814,8"
27/08/2012," 95,47 ","6,639",1823
28/08/2012," 96,33 ","6,616","1828,2"
29/08/2012," 95,49 ","6,64","1831,5"
30/08/2012," 94,62 ","6,639","1830,2"
31/08/2012," 96,47 ","6,62",1824
04/09/2012," 95,30 ","6,628",1825
05/09/2012," 95,36 ","6,63","1809,15"
06/09/2012," 95,53 ","6,627","1800,25"
07/09/2012," 96,42 ","6,555","1800,8"
10/09/2012," 96,54 ","6,527","1797,45"
11/09/2012," 97,17 ","6,53","1796,5"
12/09/2012," 97,01 ","6,524","1801,15"
13/09/2012," 98,31 ","6,499","1793,8"
14/09/2012," 99,00 ","6,558","1793,5"
17/09/2012," 96,62 ","6,555","1798,5"
18/09/2012," 95,29 ","6,555","1795,5"
19/09/2012," 91,98 ","6,525",1797
20/09/2012," 91,87 ","6,52","1793,65"
21/09/2012," 92,89 ","6,447","1797,3"
24/09/2012," 91,93 ","6,434","1800,8"
25/09/2012," 91,37 ","6,385",1797
26/09/2012," 89,98 ","6,377","1797,3"
27/09/2012," 91,85 ","6,33","1798,5"
28/09/2012," 92,19 ","6,347","1800,3"
01/10/2012," 92,48 ","6,311","1800,19"
02/10/2012," 91,89 ","6,29",1799
03/10/2012," 88,14 ","6,285","1802,45"
04/10/2012," 91,71 ","6,263","1795,25"
05/10/2012," 89,88 ","6,15","1796,1"
09/10/2012," 92,39 ","6,115","1799,15"
10/10/2012," 91,25 ","6,13","1799,7"
11/10/2012," 92,07 ","6,06","1799,35"
12/10/2012," 91,86 ","6,03","1797,65"
16/10/2012," 92,09 ","6,05","1799,35"
17/10/2012," 92,12 ","6,085","1797,6"
18/10/2012," 92,10 ","6,126","1796,14"
19/10/2012," 90,05 ","6,035","1798,5"
22/10/2012," 88,73 ","6,08","1808,1"
23/10/2012," 86,67 ","6,06","1816,15"
24/10/2012," 85,73 ","6,061","1816,85"
25/10/2012," 86,05 ","6,06","1818,05"
26/10/2012," 86,28 ","6,049",1828
29/10/2012," 85,54 ","6,095","1830,5"
30/10/2012," 85,68 ","6,172","1830,75"
31/10/2012," 86,24 ","6,18","1831,65"
01/11/2012," 87,09 ","6,327","1824,95"
02/11/2012," 84,86 ","6,225","1825,5"
06/11/2012," 88,71 ","6,24","1811,45"
07/11/2012," 84,44 ","6,18","1812,75"
08/11/2012," 85,09 ","6,156",1810
09/11/2012," 86,07 ","6,23","1814,8"
13/11/2012," 85,38 ","6,25","1816,8"
14/11/2012," 86,32 ","6,263","1820,8"
15/11/2012," 85,45 ","6,26","1824,5"
16/11/2012," 86,67 ","6,215","1823,3"
19/11/2012," 89,28 ","6,183","1818,5"
20/11/2012," 86,75 ","6,15","1815,95"
21/11/2012," 87,38 ","6,154","1815,51"
23/11/2012," 88,28 ","6,02","1823,75"
26/11/2012," 87,74 ","6,025","1823,75"
27/11/2012," 87,18 ","5,95",1824
28/11/2012," 86,49 ","6,01","1823,35"
29/11/2012," 88,07 ","5,975","1815,1"
30/11/2012," 88,91 ","5,976",1815
03/12/2012," 89,09 ","5,989","1815,3"
04/12/2012," 88,50 ","5,965","1812,81"
05/12/2012," 87,88 ","5,94","1811,8"
06/12/2012," 86,26 ","5,83","1799,5"
07/12/2012," 85,93 ","5,85","1796,75"
10/12/2012," 85,56 ","5,863","1799,1"
11/12/2012," 85,79 ","6,03","1800,5"
12/12/2012," 86,77 ","6,02","1794,65"
13/12/2012," 85,89 ","5,977","1796,5"
14/12/2012," 86,73 ","5,96","1796,2"
17/12/2012," 87,20 ","5,945",1796
18/12/2012," 87,93 ","5,892","1793,79"
19/12/2012," 89,51 ","5,884","1791,15"
20/12/2012," 90,13 ","5,84","1788,1"
21/12/2012," 88,66 ","5,74","1775,45"
24/12/2012," 88,61 ","5,67",1774
26/12/2012," 90,98 ","5,7","1772,6"
27/12/2012," 90,87 ","5,701","1773,43"
28/12/2012," 90,80 ","5,65","1766,78"
02/01/2013," 93,12 ","5,665",1765
03/01/2013," 92,92 ","5,68","1762,5"
04/01/2013," 93,09 ","5,687","1770,75"
08/01/2013," 93,15 ","5,585","1771,99"
09/01/2013," 93,10 ","5,52","1768,75"
10/01/2013," 93,82 ","5,469","1763,06"
11/01/2013," 93,56 ","5,44","1763,37"
14/01/2013," 94,14 ","5,428","1759,45"
15/01/2013," 93,28 ","5,469","1769,95"
16/01/2013," 94,24 ","5,37","1774,4"
17/01/2013," 95,49 ","5,37","1765,35"
18/01/2013," 95,56 ","5,345","1769,3"
22/01/2013," 96,24 ","5,293","1777,75"
23/01/2013," 95,23 ","5,268","1780,5"
24/01/2013," 95,95 ","5,261","1779,4"
25/01/2013," 95,88 ","5,22","1779,5"
28/01/2013," 96,44 ","5,271","1779,75"
29/01/2013," 97,57 ","5,285","1773,11"
30/01/2013," 97,94 ","5,28","1776,51"
31/01/2013," 97,49 ","5,248","1775,27"
01/02/2013," 97,77 ","5,219","1776,1"
04/02/2013," 96,17 ","5,209","1787,8"
05/02/2013," 96,64 ","5,185","1786,98"
06/02/2013," 96,62 ","5,125","1791,45"
07/02/2013," 95,83 ","5,105","1792,01"
08/02/2013," 95,72 ","5,12",1786
11/02/2013," 97,03 ","5,09","1784,1"
12/02/2013," 97,51 ","5,059","1780,2"
13/02/2013," 97,01 ","5,054","1778,05"
14/02/2013," 97,31 ","5,046","1782,91"
15/02/2013," 95,86 ","5,002","1787,23"
19/02/2013," 96,66 ","5,02","1790,75"
20/02/2013," 94,46 ","5,02","1792,2"
21/02/2013," 92,84 ","4,989",1799
22/02/2013," 93,13 ","4,967","1798,9"
25/02/2013," 93,11 ","5,015",1813
26/02/2013," 92,63 ","5,034","1818,05"
27/02/2013," 92,76 ","5,045","1814,15"
28/02/2013," 92,05 ","5,002","1812,9"
01/03/2013," 90,68 ","4,995","1813,2"
04/03/2013," 90,12 ","4,979","1813,9"
05/03/2013," 90,82 ","4,961","1809,7"
06/03/2013," 90,43 ","4,89",1808
07/03/2013," 91,56 ","4,875","1802,6"
08/03/2013," 91,95 ","4,89","1802,2"
11/03/2013," 92,06 ","4,94","1802,44"
12/03/2013," 92,54 ","4,908","1800,07"
13/03/2013," 92,52 ","4,905","1798,25"
14/03/2013," 93,03 ","4,918","1798,25"
15/03/2013," 93,45 ","4,918","1806,01"
18/03/2013," 93,74 ","4,92","1808,51"
19/03/2013," 92,16 ",5,"1811,25"
20/03/2013," 92,96 ","5,085","1818,15"
21/03/2013," 92,45 ","5,175","1819,82"
22/03/2013," 93,71 ","4,938","1829,1"
26/03/2013," 96,34 ","4,89",1831
27/03/2013," 96,58 ","4,91",1825
01/04/2013," 97,07 ",5,"1822,06"
02/04/2013," 97,19 ","5,058","1814,04"
03/04/2013," 94,45 ","5,155","1820,4"
04/04/2013," 93,26 ","5,135","1829,35"
05/04/2013," 92,70 ","4,982",1820
08/04/2013," 93,36 ","4,945","1816,6"
09/04/2013," 94,20 ","4,99","1816,15"
10/04/2013," 94,64 ","4,98","1819,5"
11/04/2013," 93,51 ","4,973","1824,45"
12/04/2013," 91,29 ","4,98","1826,8"
15/04/2013," 88,71 ",5,"1833,93"
16/04/2013," 88,72 ","4,99","1833,4"
17/04/2013," 86,68 ","4,92",1849
18/04/2013," 87,73 ","4,9","1841,35"
19/04/2013," 88,01 ","4,88","1837,3"
22/04/2013," 88,76 ","4,87","1838,96"
23/04/2013," 89,18 ","4,881","1837,75"
24/04/2013," 91,43 ","4,815","1836,5"
25/04/2013," 93,64 ","4,845","1830,71"
26/04/2013," 93,00 ","4,9","1834,2"
29/04/2013," 94,50 ","4,88","1827,2"
30/04/2013," 93,46 ","4,856","1825,49"
02/05/2013," 93,99 ","4,88","1838,5"
03/05/2013," 95,61 ","4,92","1834,29"
06/05/2013," 96,16 ","5,054",1829
07/05/2013," 95,62 ","5,02","1827,4"
08/05/2013," 96,62 ","4,981",1831
09/05/2013," 96,39 ","4,96","1830,1"
10/05/2013," 96,04 ","5,01","1833,85"
14/05/2013," 94,21 ","5,035","1839,45"
15/05/2013," 94,30 ","5,028","1844,71"
16/05/2013," 95,16 ","5,01","1840,25"
17/05/2013," 96,02 ","5,021","1842,35"
20/05/2013," 96,71 ","5,02","1842,9"
21/05/2013," 96,16 ","5,05","1847,2"
22/05/2013," 94,28 ","5,099","1856,2"
23/05/2013," 94,25 ","5,152","1865,99"
24/05/2013," 94,15 ","5,161","1878,95"
28/05/2013," 95,01 ","5,411","1898,4"
29/05/2013," 93,13 ","5,63","1892,4"
30/05/2013," 93,61 ","5,695",1891
31/05/2013," 91,97 ","5,72","1902,5"
04/06/2013," 93,31 ","5,765","1894,1"
05/06/2013," 93,74 ",6,"1900,1"
06/06/2013," 94,76 ","6,138","1904,5"
07/06/2013," 96,03 ","6,01",1892
11/06/2013," 95,38 ","6,47","1905,25"
12/06/2013," 95,88 ","6,525",1898
13/06/2013," 96,69 ","6,32","1892,1"
14/06/2013," 97,85 ","6,35","1881,9"
17/06/2013," 97,77 ","6,251","1887,15"
18/06/2013," 98,44 ","6,366","1904,35"
19/06/2013," 98,24 ","6,58","1896,05"
20/06/2013," 95,40 ","6,7","1939,72"
21/06/2013," 93,69 ",7,"1937,9"
24/06/2013," 95,18 ","7,001",1941
25/06/2013," 95,32 ","6,92",1925
26/06/2013," 95,50 ","6,739",1931
27/06/2013," 97,05 ","6,62","1922,95"
28/06/2013," 96,56 ","6,67","1922,77"
02/07/2013," 99,60 ","6,75","1914,15"
03/07/2013," 101,24 ","6,77",1915
05/07/2013," 103,22 ","6,872","1928,65"
08/07/2013," 103,14 ","6,8","1925,9"
09/07/2013," 103,53 ","6,785",1921
10/07/2013," 106,52 ","6,719","1919,1"
11/07/2013," 104,91 ","6,396","1910,51"
12/07/2013," 105,95 ","6,44","1904,95"
15/07/2013," 106,32 ","6,45",1885
16/07/2013," 106,00 ","6,4",1880
17/07/2013," 106,48 ","6,39","1876,25"
18/07/2013," 108,04 ","6,45","1884,95"
19/07/2013," 108,05 ","6,406","1882,55"
22/07/2013," 106,91 ","6,355","1882,49"
23/07/2013," 107,23 ","6,54","1889,4"
24/07/2013," 105,39 ","6,675","1891,9"
25/07/2013," 105,49 ","6,61","1887,55"
26/07/2013," 104,70 ","6,67","1885,2"
29/07/2013," 104,55 ","6,77",1889
30/07/2013," 103,08 ","6,8","1890,3"
31/07/2013," 105,03 ","6,785",1894
01/08/2013," 107,89 ","6,86","1899,3"
02/08/2013," 106,94 ","6,667","1889,56"
05/08/2013," 106,56 ","6,688","1883,2"
06/08/2013," 105,30 ","6,69","1879,9"
08/08/2013," 103,40 ","6,64",1877
09/08/2013," 105,97 ","6,691","1873,1"
12/08/2013," 106,11 ","6,77","1876,9"
13/08/2013," 106,83 ","6,814","1882,35"
14/08/2013," 106,85 ","6,885","1890,1"
15/08/2013," 107,33 ",7,1901
16/08/2013," 107,46 ","7,05",1912
20/08/2013," 104,96 ","7,084",1922
21/08/2013," 103,85 ","7,088",1926
22/08/2013," 105,03 ","6,972",1916
23/08/2013," 106,42 ","6,94","1916,7"
26/08/2013," 105,92 ","7,02","1925,6"
27/08/2013," 109,01 ","7,01","1939,5"
28/08/2013," 110,10 ","7,06","1939,1"
29/08/2013," 108,80 ","7,06",1941
30/08/2013," 107,65 ","7,038","1932,85"
03/09/2013," 108,54 ","7,075","1945,5"
04/09/2013," 107,23 ","7,187","1940,41"
05/09/2013," 108,37 ","7,142","1957,85"
06/09/2013," 110,53 ","7,1","1950,2"
09/09/2013," 109,52 ","7,055","1944,5"
10/09/2013," 107,39 ","6,965",1937
11/09/2013," 107,56 ","6,84","1919,65"
12/09/2013," 108,60 ","6,78","1921,1"
13/09/2013," 108,21 ","6,865",1923
16/09/2013," 106,59 ","6,88","1919,1"
17/09/2013," 105,42 ","6,915","1916,4"
18/09/2013," 108,07 ","6,685",1907
19/09/2013," 106,39 ","6,681",1883
20/09/2013," 104,67 ","6,669","1895,9"
23/09/2013," 103,59 ","6,75","1891,1"
24/09/2013," 103,13 ","6,63","1890,01"
25/09/2013," 102,66 ","6,705","1893,35"
26/09/2013," 103,03 ","6,7","1903,5"
27/09/2013," 102,87 ","6,69","1908,05"
30/09/2013," 102,33 ","6,755","1906,5"
01/10/2013," 102,04 ","6,777","1892,05"
02/10/2013," 104,10 ","6,79","1888,15"
03/10/2013," 103,31 ","6,775","1888,85"
04/10/2013," 103,84 ","6,71","1886,95"
07/10/2013," 103,03 ","6,7",1887
08/10/2013," 103,49 ","6,653",1890
09/10/2013," 101,61 ","6,704","1891,5"
10/10/2013," 103,01 ","6,63","1886,65"
11/10/2013," 102,02 ","6,6","1881,78"
15/10/2013," 101,21 ","6,635","1882,9"
16/10/2013," 102,29 ","6,581","1884,1"
17/10/2013," 100,67 ","6,482","1878,1"
18/10/2013," 100,81 ","6,5","1881,9"
21/10/2013," 99,22 ","6,519","1884,35"
22/10/2013," 97,80 ","6,397","1879,9"
23/10/2013," 96,86 ","6,393","1882,6"
24/10/2013," 97,11 ","6,43","1881,2"
25/10/2013," 97,85 ","6,4","1882,55"
28/10/2013," 98,68 ","6,431","1884,05"
29/10/2013," 98,20 ","6,413","1883,49"
30/10/2013," 96,77 ","6,425",1883
31/10/2013," 96,38 ","6,54","1892,35"
01/11/2013," 94,61 ","6,6","1903,4"
05/11/2013," 93,37 ","6,7","1921,65"
06/11/2013," 94,80 ","6,702","1918,3"
07/11/2013," 94,20 ","6,8","1928,65"
08/11/2013," 94,60 ","6,91","1922,75"
12/11/2013," 93,04 ","6,983",1935
13/11/2013," 93,88 ","6,94","1934,5"
14/11/2013," 93,76 ","6,851","1925,5"
15/11/2013," 93,84 ","6,79","1917,11"
18/11/2013," 93,03 ","6,7","1918,3"
19/11/2013," 93,34 ","6,75","1920,65"
20/11/2013," 93,33 ","6,8","1928,05"
21/11/2013," 95,44 ","6,8","1930,35"
22/11/2013," 94,84 ","6,69","1928,7"
25/11/2013," 94,09 ","6,651","1924,8"
26/11/2013," 93,68 ","6,67","1926,99"
27/11/2013," 92,30 ","6,74","1927,65"
29/11/2013," 92,72 ","6,77",1932
02/12/2013," 93,82 ","6,835","1933,45"
03/12/2013," 96,04 ","6,825","1944,2"
04/12/2013," 97,20 ","6,88","1949,2"
05/12/2013," 97,38 ","6,865",1940
06/12/2013," 97,65 ","6,738","1931,8"
09/12/2013," 97,34 ","6,67","1933,8"
10/12/2013," 98,51 ","6,705","1934,1"
11/12/2013," 97,44 ","6,795","1933,8"
12/12/2013," 97,50 ","6,76","1933,95"
13/12/2013," 96,60 ","6,768","1932,3"
16/12/2013," 97,48 ","6,783",1934
17/12/2013," 97,22 ","6,721",1942
18/12/2013," 97,80 ","6,74","1943,15"
19/12/2013," 98,77 ","6,74",1938
20/12/2013," 99,32 ","6,655","1934,3"
23/12/2013," 98,91 ","6,63","1925,3"
24/12/2013," 99,22 ","6,689","1921,8"
26/12/2013," 99,55 ","6,77","1918,5"
27/12/2013," 100,32 ","6,78","1929,5"
30/12/2013," 99,29 ","6,805",1932
02/01/2014," 95,44 ","6,79",1941
03/01/2014," 93,96 ","6,81","1937,85"
07/01/2014," 93,67 ","6,78","1929,2"
08/01/2014," 92,33 ","6,79",1935
09/01/2014," 91,66 ","6,815","1933,05"
10/01/2014," 92,72 ","6,705","1924,99"
13/01/2014," 91,80 ","6,697",1929
14/01/2014," 92,59 ","6,729","1938,55"
15/01/2014," 94,17 ","6,72","1942,5"
16/01/2014," 93,96 ","6,78","1949,35"
17/01/2014," 94,37 ","6,806","1964,2"
21/01/2014," 94,99 ","6,87","1985,51"
22/01/2014," 96,73 ","6,89","1988,1"
23/01/2014," 97,32 ","6,92","1997,9"
24/01/2014," 96,64 ","6,95",1994
27/01/2014," 95,72 ","6,96","2008,8"
28/01/2014," 97,41 ","6,91","2002,5"
29/01/2014," 97,36 ","7,027",2007
30/01/2014," 98,23 ","7,095","2011,29"
31/01/2014," 97,49 ","7,14","2015,2"
03/02/2014," 96,43 ","7,16","2046,5"
04/02/2014," 97,19 ","7,157","2035,6"
05/02/2014," 97,38 ","7,11","2049,44"
06/02/2014," 97,84 ","7,118",2043
07/02/2014," 99,88 ","7,081","2048,9"
10/02/2014," 100,06 ","7,075","2050,25"
11/02/2014," 99,94 ","7,058","2036,35"
12/02/2014," 100,37 ","7,08","2031,5"
13/02/2014," 100,35 ","7,09","2030,1"
14/02/2014," 100,30 ","7,064",2017
18/02/2014," 102,43 ","7,12","2028,7"
19/02/2014," 103,31 ","7,23","2049,4"
20/02/2014," 102,92 ","7,24",2045
21/02/2014," 102,20 ","7,265","2044,5"
24/02/2014," 102,82 ","7,189",2043
25/02/2014," 101,83 ","7,194","2044,9"
26/02/2014," 102,59 ","7,29","2056,45"
27/02/2014," 102,40 ","7,22",2054
28/02/2014," 102,59 ","7,217","2046,8"
03/03/2014," 104,92 ","7,23",2054
04/03/2014," 103,33 ","7,243","2048,4"
05/03/2014," 101,45 ","7,17","2040,1"
06/03/2014," 101,56 ","7,085",2032
07/03/2014," 102,58 ","7,157","2037,35"
10/03/2014," 101,12 ","7,17","2041,5"
11/03/2014," 100,03 ","7,151","2045,25"
12/03/2014," 97,99 ","7,115","2046,8"
13/03/2014," 98,20 ","7,169","2048,85"
14/03/2014," 98,89 ","7,087",2042
17/03/2014," 98,08 ","7,13","2033,75"
18/03/2014," 99,70 ","7,099","2030,8"
19/03/2014," 100,37 ","6,895","2009,1"
20/03/2014," 99,43 ","6,701","1993,2"
21/03/2014," 99,46 ","6,665",1995
25/03/2014," 99,19 ","6,569","1978,8"
26/03/2014," 100,26 ","6,52",1972
27/03/2014," 101,28 ","6,4","1964,35"
28/03/2014," 101,67 ","6,439","1965,2"
31/03/2014," 101,58 ","6,47","1971,6"
01/04/2014," 99,74 ","6,342","1959,6"
02/04/2014," 99,62 ","6,399","1964,7"
03/04/2014," 100,29 ","6,415","1967,7"
04/04/2014," 101,14 ","6,368","1951,5"
07/04/2014," 100,44 ","6,245","1933,99"
08/04/2014," 102,56 ","6,208","1932,5"
09/04/2014," 103,60 ","6,12","1928,8"
10/04/2014," 103,40 ","6,17","1917,95"
11/04/2014," 103,74 ","6,245","1927,5"
14/04/2014," 104,05 ","6,24","1925,4"
15/04/2014," 103,75 ","6,27",1935
16/04/2014," 103,76 ","6,233","1929,5"
21/04/2014," 104,37 ","6,21","1919,1"
22/04/2014," 102,13 ","6,245",1934
23/04/2014," 101,44 ","6,271","1931,8"
24/04/2014," 101,94 ","6,28","1937,3"
25/04/2014," 100,60 ","6,37","1943,5"
28/04/2014," 100,84 ","6,42",1939
29/04/2014," 101,28 ","6,395","1933,1"
30/04/2014," 99,74 ","6,42","1936,65"
02/05/2014," 99,76 ","6,385","1923,66"
05/05/2014," 99,48 ","6,399","1924,4"
06/05/2014," 99,50 ","6,32",1918
07/05/2014," 100,77 ","6,28","1910,66"
08/05/2014," 100,26 ","6,208","1900,9"
09/05/2014," 99,99 ","6,175","1904,5"
12/05/2014," 100,59 ","6,299","1913,5"
13/05/2014," 101,70 ","6,34","1923,35"
14/05/2014," 102,37 ","6,38","1921,8"
15/05/2014," 101,50 ","6,3","1926,7"
16/05/2014," 102,02 ","6,363",1925
19/05/2014," 102,61 ","6,368","1918,65"
20/05/2014," 102,44 ","6,28","1921,55"
21/05/2014," 104,07 ","6,252","1910,6"
22/05/2014," 103,74 ","6,211","1905,05"
23/05/2014," 104,35 ","6,25","1910,8"
27/05/2014," 104,11 ","6,3","1916,11"
28/05/2014," 102,72 ","6,255","1909,8"
29/05/2014," 103,58 ","6,245","1906,7"
30/05/2014," 102,71 ","6,261","1898,5"
03/06/2014," 102,66 ","6,37","1897,49"
04/06/2014," 102,64 ","6,4","1898,1"
05/06/2014," 102,48 ","6,351","1891,9"
06/06/2014," 102,66 ","6,28","1883,99"
09/06/2014," 104,41 ","6,275",1886
10/06/2014," 104,35 ","6,31","1882,9"
11/06/2014," 104,40 ","6,32","1883,45"
12/06/2014," 106,53 ","6,284",1874
13/06/2014," 106,91 ","6,315","1881,75"
16/06/2014," 106,90 ","6,44",1890
17/06/2014," 106,36 ","6,6",1902
18/06/2014," 105,97 ","6,529","1890,4"
19/06/2014," 106,43 ","6,48","1882,2"
20/06/2014," 107,26 ","6,471",1883
24/06/2014," 106,03 ","6,473",1890
25/06/2014," 106,50 ","6,53",1881
26/06/2014," 105,84 ","6,575","1883,56"
27/06/2014," 105,74 ","6,55",1880
01/07/2014," 105,34 ","6,481","1860,6"
02/07/2014," 104,48 ","6,569",1857
03/07/2014," 104,06 ","6,535","1843,15"
07/07/2014," 103,53 ","6,46",1855
08/07/2014," 103,40 ","6,489","1854,2"
09/07/2014," 102,29 ","6,56",1859
10/07/2014," 102,93 ","6,55","1856,5"
11/07/2014," 100,83 ","6,54","1857,2"
14/07/2014," 100,91 ","6,525","1860,4"
15/07/2014," 99,96 ","6,57","1868,7"
16/07/2014," 101,20 ","6,558","1867,8"
17/07/2014," 103,19 ","6,59",1875
18/07/2014," 103,13 ","6,57","1868,65"
21/07/2014," 104,59 ","6,522","1856,8"
22/07/2014," 104,42 ","6,543","1845,85"
23/07/2014," 103,12 ","6,515",1847
24/07/2014," 102,07 ","6,51","1846,9"
25/07/2014," 102,09 ","6,45","1849,25"
28/07/2014," 101,67 ","6,449",1850
29/07/2014," 100,97 ","6,52","1859,74"
30/07/2014," 100,27 ","6,655","1881,76"
31/07/2014," 98,17 ","6,7","1876,1"
01/08/2014," 97,88 ","6,665",1876
04/08/2014," 98,29 ","6,665","1882,75"
05/08/2014," 97,38 ","6,7","1893,5"
06/08/2014," 96,92 ","6,71","1886,35"
08/08/2014," 97,65 ","6,73","1889,95"
11/08/2014," 98,08 ","6,695","1882,25"
12/08/2014," 97,37 ","6,71",1876
13/08/2014," 97,59 ","6,69","1880,8"
14/08/2014," 95,58 ","6,685","1881,9"
15/08/2014," 97,35 ","6,64","1885,25"
19/08/2014," 94,48 ","6,63","1901,95"
20/08/2014," 96,07 ","6,671","1917,25"
21/08/2014," 93,96 ","6,649","1918,55"
22/08/2014," 93,65 ","6,615","1923,8"
25/08/2014," 93,35 ","6,58","1935,3"
26/08/2014," 93,86 ","6,568","1932,4"
27/08/2014," 93,88 ","6,47","1929,8"
28/08/2014," 94,55 ","6,43",1927
29/08/2014," 95,96 ","6,44",1921
02/09/2014," 92,88 ","6,509","1931,4"
03/09/2014," 95,54 ","6,465","1923,32"
04/09/2014," 94,45 ","6,47","1935,44"
05/09/2014," 93,29 ","6,422","1935,5"
08/09/2014," 92,66 ","6,45","1946,8"
09/09/2014," 92,75 ","6,555","1968,5"
10/09/2014," 91,67 ","6,565","1973,55"
11/09/2014," 92,83 ","6,581","1981,75"
12/09/2014," 92,27 ","6,635",1997
15/09/2014," 92,92 ","6,63",1988
16/09/2014," 94,88 ","6,6",1974
17/09/2014," 94,42 ","6,615","1974,15"
18/09/2014," 93,07 ","6,565","1970,9"
19/09/2014," 92,41 ","6,521","1971,15"
22/09/2014," 91,52 ","6,61","1996,85"
23/09/2014," 91,56 ","6,597","1997,4"
24/09/2014," 92,80 ","6,658","2009,7"
25/09/2014," 92,53 ","6,685","2019,25"
26/09/2014," 93,54 ","6,74","2017,65"
29/09/2014," 94,57 ","6,87","2026,6"
30/09/2014," 91,16 ","6,84","2024,8"
01/10/2014," 90,73 ","6,8",2027
02/10/2014," 91,01 ","6,729",2013
03/10/2014," 89,74 ","6,75","2028,3"
06/10/2014," 90,34 ","6,725","2028,99"
07/10/2014," 88,85 ","6,718","2028,2"
08/10/2014," 87,31 ","6,68","2047,75"
09/10/2014," 85,77 ","6,73","2045,3"
10/10/2014," 85,82 ","6,751",2049
14/10/2014," 81,84 ","6,719","2048,85"
15/10/2014," 81,78 ","6,7","2068,35"
16/10/2014," 82,70 ","6,7","2068,6"
17/10/2014," 82,75 ","6,65",2064
20/10/2014," 82,71 ","6,64","2063,16"
21/10/2014," 82,81 ","6,57","2043,5"
22/10/2014," 80,52 ","6,625","2053,66"
23/10/2014," 82,09 ","6,64","2057,95"
24/10/2014," 81,01 ","6,63","2066,1"
27/10/2014," 81,00 ","6,653","2068,01"
28/10/2014," 81,42 ","6,62","2055,55"
29/10/2014," 82,20 ","6,59",2046
30/10/2014," 81,12 ","6,6","2050,2"
31/10/2014," 80,54 ","6,58","2057,9"
04/11/2014," 77,19 ","6,58","2076,45"
05/11/2014," 78,68 ","6,525",2075
06/11/2014," 77,91 ","6,535",2099
07/11/2014," 78,65 ","6,481",2099
10/11/2014," 77,40 ","6,512","2108,8"
12/11/2014," 77,18 ","6,454","2123,1"
13/11/2014," 74,21 ","6,6","2146,75"
14/11/2014," 75,82 ","6,56",2159
18/11/2014," 74,61 ","6,53",2150
19/11/2014," 74,58 ","6,52","2159,2"
20/11/2014," 75,58 ","6,48","2156,9"
21/11/2014," 76,51 ","6,442","2146,9"
24/11/2014," 75,78 ","6,445","2160,9"
25/11/2014," 74,09 ","6,44",2159
26/11/2014," 73,69 ","6,479",2163
28/11/2014," 66,15 ","6,585",2217
01/12/2014," 69,00 ","6,54",2265
02/12/2014," 66,88 ","6,634","2296,05"
03/12/2014," 67,38 ","6,635","2286,8"
04/12/2014," 66,81 ","6,714",2279
05/12/2014," 65,84 ","6,824",2318
09/12/2014," 63,82 ","6,97","2347,9"
10/12/2014," 60,94 ","7,235",2397
11/12/2014," 59,95 ","7,145",2408
12/12/2014," 57,81 ","7,155",2405
15/12/2014," 55,91 ","7,2","2426,55"
16/12/2014," 55,93 ","7,225",2428
17/12/2014," 56,47 ","7,12","2399,45"
18/12/2014," 54,11 ","7,1",2315
19/12/2014," 56,52 ","7,07",2297
22/12/2014," 55,26 ","7,092","2330,9"
23/12/2014," 57,12 ","7,12",2345
26/12/2014," 54,73 ","7,13","2366,9"
29/12/2014," 53,61 ","7,133","2378,6"
30/12/2014," 54,12 ","7,11","2377,1"
02/01/2015," 52,69 ","7,082",2380
05/01/2015," 50,04 ","7,139",2432
06/01/2015," 47,93 ","7,16","2449,95"
07/01/2015," 48,65 ","6,99",2431
08/01/2015," 48,79 ","6,9","2398,5"
09/01/2015," 48,36 ","6,941",2417
13/01/2015," 45,89 ","6,96","2442,3"
14/01/2015," 48,48 ","6,831","2425,15"
15/01/2015," 46,25 ","6,808",2412
16/01/2015," 48,69 ","6,74",2369
20/01/2015," 46,39 ","6,71","2376,3"
21/01/2015," 47,78 ","6,66",2377
22/01/2015," 46,31 ","6,6",2373
23/01/2015," 45,59 ","6,52","2389,5"
26/01/2015," 45,15 ","6,522","2389,55"
27/01/2015," 46,23 ","6,52","2366,01"
28/01/2015," 44,45 ","6,48","2363,9"
29/01/2015," 44,53 ","6,535",2412
30/01/2015," 48,24 ","6,485",2439
02/02/2015," 49,57 ","6,46","2407,7"
03/02/2015," 53,05 ","6,397",2358
04/02/2015," 48,45 ","6,52","2392,88"
05/02/2015," 50,48 ","6,49","2377,5"
06/02/2015," 51,69 ","6,578",2380
09/02/2015," 52,86 ","6,655",2366
10/02/2015," 50,02 ","6,69","2381,01"
11/02/2015," 48,84 ","6,725","2425,7"
12/02/2015," 51,21 ","6,64","2389,44"
13/02/2015," 52,78 ","6,595",2385
17/02/2015," 53,53 ","6,68","2416,3"
18/02/2015," 52,14 ","6,6",2431
19/02/2015," 51,16 ","6,675",2446
20/02/2015," 50,34 ","6,653","2458,25"
23/02/2015," 49,45 ","6,63",2500
24/02/2015," 49,28 ","6,54","2486,15"
25/02/2015," 50,99 ","6,48",2484
26/02/2015," 48,17 ","6,545","2492,8"
27/02/2015," 49,76 ","6,531","2500,2"
02/03/2015," 49,59 ","6,608","2535,5"
03/03/2015," 50,52 ","6,715","2555,9"
04/03/2015," 51,53 ","6,67","2540,8"
05/03/2015," 50,76 ","6,677",2550
06/03/2015," 49,61 ","6,86",2583
09/03/2015," 50,00 ","6,975","2608,95"
10/03/2015," 48,29 ",7,"2630,05"
12/03/2015," 47,05 ","6,998","2628,55"
13/03/2015," 44,84 ","7,04",2670
16/03/2015," 43,88 ","7,054","2686,5"
17/03/2015," 43,46 ","6,951",2659
18/03/2015," 44,66 ","6,835","2628,5"
19/03/2015," 43,96 ","6,89",2631
20/03/2015," 45,72 ","6,79","2574,75"
24/03/2015," 47,51 ","6,79","2511,37"
25/03/2015," 49,21 ","6,917",2542
26/03/2015," 51,43 ","6,96","2561,2"
27/03/2015," 48,87 ",7,2559
30/03/2015," 48,68 ","7,039","2575,9"
31/03/2015," 47,60 ","6,97","2599,9"
01/04/2015," 50,09 ","6,94","2574,5"
06/04/2015," 52,14 ","6,85",2534
07/04/2015," 53,98 ","6,805","2507,56"
08/04/2015," 50,42 ","6,755",2492
09/04/2015," 50,79 ","6,8","2499,45"
10/04/2015," 51,64 ","6,79","2509,5"
13/04/2015," 51,91 ","6,79","2558,5"
14/04/2015," 53,29 ","6,798","2556,2"
15/04/2015," 56,39 ","6,68","2508,5"
16/04/2015," 56,71 ","6,7",2483
17/04/2015," 55,74 ","6,725",2500
20/04/2015," 56,38 ","6,743","2486,2"
21/04/2015," 55,26 ","6,73",2471
22/04/2015," 56,16 ","6,774","2491,5"
23/04/2015," 57,74 ","6,699","2468,05"
24/04/2015," 57,15 ","6,67","2452,9"
27/04/2015," 56,99 ","6,709","2409,4"
28/04/2015," 57,06 ","6,725","2399,8"
29/04/2015," 58,58 ","6,67",2377
30/04/2015," 59,63 ","6,722",2382
04/05/2015," 58,93 ","6,83","2407,5"
05/05/2015," 60,40 ","6,845","2390,4"
06/05/2015," 60,93 ","6,88","2360,1"
07/05/2015," 58,94 ","6,857",2371
08/05/2015," 59,39 ","6,813",2355
11/05/2015," 59,25 ","6,928",2388
12/05/2015," 60,75 ","6,93","2383,5"
13/05/2015," 60,50 ","6,959","2387,5"
14/05/2015," 59,88 ","6,895","2389,01"
15/05/2015," 59,69 ","6,855",2417
19/05/2015," 57,26 ","6,92","2484,95"
20/05/2015," 58,98 ","6,91",2495
21/05/2015," 60,72 ","6,89","2480,8"
22/05/2015," 59,72 ","6,895","2489,7"
26/05/2015," 58,03 ","6,93","2545,9"
27/05/2015," 57,51 ","6,905","2534,5"
28/05/2015," 57,68 ","6,91","2536,5"
29/05/2015," 60,30 ","6,889",2531
01/06/2015," 60,20 ","6,94",2561
02/06/2015," 61,26 ","6,959",2558
03/06/2015," 59,64 ","7,029","2578,2"
04/06/2015," 58,00 ","7,044","2593,75"
05/06/2015," 59,13 ","7,08","2622,95"
09/06/2015," 60,14 ","7,09","2556,3"
10/06/2015," 61,43 ","7,12","2526,5"
11/06/2015," 60,77 ","7,1",2532
12/06/2015," 59,96 ","7,079","2526,2"
16/06/2015," 59,97 ","7,17","2538,6"
17/06/2015," 59,92 ","7,147",2550
18/06/2015," 60,45 ","7,13","2542,5"
19/06/2015," 59,61 ","7,125","2554,5"
22/06/2015," 59,68 ","7,141","2535,5"
23/06/2015," 61,01 ","7,15","2551,7"
24/06/2015," 60,27 ","7,18",2559
25/06/2015," 59,70 ","7,25",2561
26/06/2015," 59,63 ","7,229","2584,99"
30/06/2015," 59,47 ","7,21",2605
01/07/2015," 56,96 ","7,261","2640,4"
02/07/2015," 56,93 ","7,265","2633,9"
06/07/2015," 52,53 ","7,27","2669,5"
07/07/2015," 52,33 ","7,255",2692
08/07/2015," 51,65 ","7,24","2683,2"
09/07/2015," 52,78 ","7,255","2674,35"
10/07/2015," 52,74 ","7,265","2672,6"
13/07/2015," 52,20 ","7,271","2686,9"
14/07/2015," 53,04 ","7,23","2686,6"
15/07/2015," 51,41 ","7,2",2716
16/07/2015," 50,91 ","7,215",2739
17/07/2015," 50,89 ","7,225","2759,6"
21/07/2015," 50,36 ","7,215",2769
22/07/2015," 49,19 ","7,051",2790
23/07/2015," 48,45 ","7,105",2829
24/07/2015," 48,14 ","7,156","2850,6"
27/07/2015," 47,39 ","7,162","2860,15"
28/07/2015," 47,98 ","7,14","2862,9"
29/07/2015," 48,79 ","7,12",2850
30/07/2015," 48,52 ","7,12",2878
31/07/2015," 47,12 ","7,135",2880
03/08/2015," 45,17 ","7,2","2918,45"
04/08/2015," 45,74 ","7,245",2924
05/08/2015," 45,15 ","7,285",2951
06/08/2015," 44,66 ","7,358",2938
10/08/2015," 44,96 ","7,35",2909
11/08/2015," 43,08 ","7,32","2943,3"
12/08/2015," 43,30 ","7,29",2940
13/08/2015," 42,23 ","7,348","2982,5"
14/08/2015," 42,50 ","7,327","2990,3"
18/08/2015," 42,62 ","7,32","3003,4"
19/08/2015," 40,80 ","7,31","3024,55"
20/08/2015," 41,14 ","7,37","3061,1"
21/08/2015," 40,45 ","7,5",3101
24/08/2015," 38,24 ","7,7","3238,5"
25/08/2015," 39,31 ","7,697","3207,1"
26/08/2015," 38,60 ","7,76","3261,6"
27/08/2015," 42,56 ","7,66",3162
28/08/2015," 45,22 ","7,638","3075,2"
31/08/2015," 49,20 ","7,65",3055
01/09/2015," 45,41 ","7,76","3114,9"
02/09/2015," 46,25 ","7,86",3171
03/09/2015," 46,75 ","7,8",3109
04/09/2015," 46,05 ","7,875",3128
08/09/2015," 45,94 ","8,089","3114,99"
09/09/2015," 44,15 ","8,01",3113
10/09/2015," 45,92 ","7,97",3050
11/09/2015," 44,63 ","7,94",3042
14/09/2015," 44,00 ","8,028",3029
15/09/2015," 44,59 ","8,07",3026
16/09/2015," 47,15 ","7,881","2965,5"
17/09/2015," 46,90 ","7,83",2982
18/09/2015," 44,68 ","7,64","2986,9"
21/09/2015," 46,68 ","7,68","3009,95"
22/09/2015," 45,83 ","7,865","3071,75"
23/09/2015," 44,48 ","7,878",3119
24/09/2015," 44,91 ","7,84","3105,1"
25/09/2015," 45,70 ","7,955",3073
28/09/2015," 44,43 ","8,101","3122,22"
29/09/2015," 45,23 ","8,085","3109,75"
30/09/2015," 45,09 ","8,029","3089,9"
01/10/2015," 44,74 ","7,96","3062,05"
02/10/2015," 45,54 ","7,81","3018,65"
05/10/2015," 46,26 ","7,76","2961,7"
06/10/2015," 48,53 ","7,72",2916
07/10/2015," 47,81 ","7,73","2899,5"
08/10/2015," 49,43 ","7,58",2870
09/10/2015," 49,63 ","7,67",2865
13/10/2015," 46,66 ","7,8","2911,65"
14/10/2015," 46,64 ","7,693",2927
15/10/2015," 46,38 ","7,57",2893
16/10/2015," 47,26 ","7,661","2883,9"
19/10/2015," 45,89 ","7,795","2919,5"
20/10/2015," 45,55 ","7,77","2937,15"
21/10/2015," 45,20 ","7,78",2960
22/10/2015," 45,38 ","7,675","2904,25"
23/10/2015," 44,60 ","7,69","2916,9"
26/10/2015," 43,98 ","7,732",2929
27/10/2015," 43,20 ","7,75","2948,85"
28/10/2015," 45,94 ","7,765",2920
29/10/2015," 46,06 ","7,781",2916
30/10/2015," 46,59 ","7,76",2897
03/11/2015," 47,90 ","7,74","2799,7"
04/11/2015," 46,32 ","7,72",2837
05/11/2015," 45,20 ","7,777",2858
06/11/2015," 44,29 ","7,82",2891
09/11/2015," 43,87 ","7,9","2928,7"
10/11/2015," 44,21 ","7,96",2942
12/11/2015," 41,75 ","8,04","3040,5"
13/11/2015," 40,74 ","8,015","3076,4"
17/11/2015," 40,67 ","8,02",3076
18/11/2015," 40,75 ","8,07",3104
19/11/2015," 40,54 ","8,03",3073
20/11/2015," 40,39 ","8,055",3066
23/11/2015," 41,75 ","8,095","3093,3"
24/11/2015," 42,87 ","8,075","3068,7"
25/11/2015," 43,04 ","8,141",3087
27/11/2015," 41,71 ","8,145","3107,85"
30/11/2015," 41,65 ","8,116",3145
01/12/2015," 41,85 ","8,031","3124,8"
02/12/2015," 39,94 ","8,115",3162
03/12/2015," 41,08 ","8,17",3143
04/12/2015," 39,97 ","8,235","3203,9"
07/12/2015," 37,65 ","8,33","3308,5"
09/12/2015," 37,16 ","8,29","3283,1"
10/12/2015," 36,76 ","8,32","3246,2"
11/12/2015," 35,62 ","8,43",3328
14/12/2015," 36,31 ","8,47","3350,3"
15/12/2015," 37,35 ","8,45",3315
16/12/2015," 35,52 ","8,345","3334,1"
17/12/2015," 34,95 ","8,45",3347
18/12/2015," 34,73 ","8,385",3328
21/12/2015," 34,74 ","8,365","3329,9"
22/12/2015," 36,14 ","8,331","3312,9"
23/12/2015," 37,50 ","8,286",3215
24/12/2015," 38,10 ","8,28",3190
28/12/2015," 36,81 ","8,27",3171
29/12/2015," 37,87 ","8,244",3167
30/12/2015," 36,60 ","8,274",3175
04/01/2016," 36,76 ","8,36",3220
05/01/2016," 35,97 ","8,448",3211
06/01/2016," 33,97 ","8,473","3257,6"
07/01/2016," 33,27 ","8,452",3272
08/01/2016," 33,16 ","8,473","3265,01"
12/01/2016," 30,44 ","8,52",3276
13/01/2016," 30,48 ","8,465",3255
14/01/2016," 31,20 ","8,385","3229,2"
15/01/2016," 29,42 ","8,455","3301,2"
19/01/2016," 28,46 ","8,6",3310
20/01/2016," 26,55 ","8,69","3394,05"
21/01/2016," 29,53 ","8,658",3320
22/01/2016," 32,19 ","8,58",3310
25/01/2016," 30,34 ","8,75",3399
26/01/2016," 31,45 ","8,673",3366
27/01/2016," 32,30 ","8,633",3357
28/01/2016," 33,22 ","8,64",3283
29/01/2016," 33,62 ","8,575","3282,5"
01/02/2016," 31,62 ","8,61","3327,1"
02/02/2016," 29,88 ","8,645",3395
03/02/2016," 32,28 ","8,59",3375
04/02/2016," 31,72 ","8,61",3319
05/02/2016," 30,89 ","8,575",3334
08/02/2016," 29,69 ","8,66","3369,85"
09/02/2016," 27,94 ","8,725","3393,4"
10/02/2016," 27,45 ","8,885","3391,4"
11/02/2016," 26,21 ","9,035","3440,55"
12/02/2016," 29,44 ","8,91",3383
16/02/2016," 29,04 ","9,08","3417,99"
17/02/2016," 30,66 ","8,92","3359,8"
18/02/2016," 30,77 ","8,87",3342
19/02/2016," 29,64 ","8,87","3355,1"
22/02/2016," 31,48 ","8,74",3311
23/02/2016," 31,87 ","8,81","3328,93"
24/02/2016," 32,15 ","8,77",3341
25/02/2016," 33,07 ","8,76",3313
26/02/2016," 32,78 ","8,769","3344,4"
29/02/2016," 33,75 ","8,67","3291,3"
01/03/2016," 34,40 ","8,634","3229,5"
02/03/2016," 34,66 ","8,57",3206
03/03/2016," 34,57 ","8,58",3194
04/03/2016," 35,92 ","8,505","3156,2"
07/03/2016," 37,90 ","8,35",3115
08/03/2016," 36,50 ","8,479",3206
09/03/2016," 38,29 ","8,265",3185
10/03/2016," 37,84 ","8,245",3221
11/03/2016," 38,46 ","8,16",3185
